Date,Close,Open,High,Low,Vol.,
03/29/2023,"20,800.00","20,700.00","21,100.00","20,700.00",17.94M,
03/28/2023,"20,700.00","20,900.00","21,000.00","20,700.00",12.33M,
03/27/2023,"20,800.00","20,400.00","20,900.00","20,350.00",20.27M,
03/24/2023,"20,400.00","20,450.00","20,500.00","20,300.00",13.69M,
03/23/2023,"20,400.00","20,200.00","20,400.00","20,050.00",10.74M,
03/22/2023,"20,300.00","20,550.00","20,600.00","20,150.00",12.86M,
03/21/2023,"20,450.00","20,200.00","20,550.00","19,850.00",19.06M,
03/20/2023,"20,000.00","20,400.00","20,600.00","20,000.00",22.99M,
03/17/2023,"20,400.00","21,050.00","21,050.00","20,400.00",33.96M,
03/16/2023,"20,850.00","21,000.00","21,100.00","20,500.00",30.25M,
03/15/2023,"21,300.00","20,800.00","21,300.00","20,600.00",26.78M,
03/14/2023,"20,300.00","21,050.00","21,100.00","20,200.00",30.87M,
03/13/2023,"21,100.00","21,050.00","21,400.00","20,900.00",20.93M,
03/10/2023,"21,300.00","21,150.00","21,450.00","21,000.00",22.46M,
03/09/2023,"21,200.00","21,200.00","21,550.00","21,200.00",23.27M,
03/08/2023,"21,200.00","20,900.00","21,200.00","20,800.00",16.16M,
03/07/2023,"21,100.00","20,600.00","21,350.00","20,550.00",29.32M,
03/06/2023,"20,400.00","20,650.00","20,850.00","20,400.00",11.37M,
03/03/2023,"20,350.00","20,800.00","21,100.00","20,350.00",13.61M,
03/02/2023,"20,600.00","21,000.00","21,100.00","20,600.00",8.87M,
03/01/2023,"20,900.00","20,000.00","20,900.00","19,800.00",18.62M,
02/28/2023,"20,000.00","20,450.00","20,500.00","19,900.00",15.22M,
02/27/2023,"20,100.00","20,400.00","20,550.00","19,950.00",31.32M,
02/24/2023,"20,800.00","21,500.00","21,500.00","20,650.00",14.60M,
02/23/2023,"21,500.00","21,150.00","21,500.00","20,400.00",33.59M,
02/22/2023,"21,200.00","21,400.00","22,100.00","21,200.00",32.63M,
02/21/2023,"21,600.00","22,050.00","22,300.00","21,600.00",20.64M,
02/20/2023,"21,900.00","21,000.00","21,900.00","21,000.00",24.74M,
02/17/2023,"21,000.00","21,300.00","21,350.00","21,000.00",12.29M,
02/16/2023,"21,300.00","20,950.00","21,400.00","20,600.00",23.91M,
02/15/2023,"20,800.00","20,600.00","21,050.00","20,250.00",20.08M,
02/14/2023,"20,600.00","20,300.00","20,900.00","20,250.00",17.29M,
02/13/2023,"20,200.00","20,400.00","20,400.00","19,750.00",18.74M,
02/10/2023,"20,500.00","20,700.00","20,800.00","20,150.00",15.83M,
02/09/2023,"20,600.00","21,000.00","21,250.00","20,600.00",16.34M,
02/08/2023,"20,850.00","19,750.00","21,100.00","19,750.00",33.81M,
02/07/2023,"19,750.00","21,150.00","21,200.00","19,700.00",43.38M,
02/06/2023,"21,150.00","21,100.00","21,150.00","20,550.00",22.28M,
02/03/2023,"21,100.00","21,450.00","21,550.00","21,000.00",20.96M,
02/02/2023,"21,300.00","21,200.00","21,700.00","21,100.00",25.39M,
02/01/2023,"21,100.00","22,200.00","22,650.00","21,000.00",51.91M,
01/31/2023,"22,100.00","21,900.00","22,100.00","21,700.00",28.11M,
01/30/2023,"21,750.00","21,700.00","22,200.00","21,350.00",42.34M,
01/27/2023,"21,500.00","21,000.00","21,550.00","20,850.00",26.52M,
01/19/2023,"21,150.00","21,600.00","21,850.00","20,850.00",43.94M,
01/18/2023,"21,700.00","22,000.00","22,050.00","21,550.00",25.85M,
01/17/2023,"21,650.00","20,450.00","21,650.00","20,450.00",41.58M,
01/16/2023,"20,250.00","20,000.00","20,650.00","19,950.00",22.32M,
01/13/2023,"19,950.00","20,250.00","20,350.00","19,900.00",19.17M,
01/12/2023,"20,050.00","20,100.00","20,250.00","19,900.00",20.17M,
01/11/2023,"20,200.00","20,000.00","20,550.00","19,900.00",25.71M,
01/10/2023,"19,800.00","19,600.00","20,100.00","19,200.00",26.85M,
01/09/2023,"19,600.00","19,800.00","20,100.00","19,500.00",16.19M,
01/06/2023,"19,400.00","19,700.00","20,100.00","19,200.00",19.63M,
01/05/2023,"19,800.00","19,400.00","20,000.00","19,150.00",21.50M,
01/04/2023,"19,400.00","19,450.00","19,800.00","19,300.00",20.23M,
01/03/2023,"19,250.00","18,300.00","19,250.00","18,200.00",27.99M,
12/30/2022,"18,000.00","18,100.00","18,450.00","17,900.00",14.45M,
12/29/2022,"18,000.00","18,300.00","18,500.00","17,850.00",17.42M,
12/28/2022,"18,200.00","18,400.00","18,500.00","17,950.00",14.31M,
12/27/2022,"18,250.00","17,100.00","18,250.00","17,100.00",23.66M,
12/26/2022,"17,100.00","18,300.00","18,300.00","17,100.00",31.37M,
12/23/2022,"18,350.00","18,850.00","18,900.00","18,100.00",24.81M,
12/22/2022,"18,900.00","19,100.00","19,600.00","18,700.00",18.97M,
12/21/2022,"18,900.00","19,400.00","19,450.00","18,100.00",27.70M,
12/20/2022,"19,000.00","19,800.00","20,100.00","18,750.00",45.55M,
12/19/2022,"20,000.00","20,600.00","21,250.00","20,000.00",48.04M,
12/16/2022,"20,400.00","19,200.00","20,450.00","18,950.00",55.38M,
12/15/2022,"19,350.00","19,100.00","19,650.00","19,100.00",20.98M,
12/14/2022,"19,200.00","19,350.00","19,600.00","19,000.00",34.29M,
12/13/2022,"19,000.00","18,600.00","19,000.00","18,250.00",24.34M,
12/12/2022,"18,600.00","19,200.00","19,550.00","18,600.00",35.83M,
12/09/2022,"19,200.00","18,900.00","19,450.00","18,500.00",34.55M,
12/08/2022,"18,900.00","18,900.00","19,350.00","18,500.00",29.94M,
12/07/2022,"18,250.00","18,000.00","19,150.00","17,700.00",34.62M,
12/06/2022,"18,600.00","19,900.00","19,950.00","18,600.00",62.78M,
12/05/2022,"20,000.00","19,800.00","20,400.00","19,500.00",46.51M,
12/02/2022,"19,450.00","18,000.00","19,450.00","17,800.00",45.68M,
12/01/2022,"18,200.00","18,750.00","19,650.00","18,000.00",66.59M,
11/30/2022,"18,400.00","17,550.00","18,400.00","17,200.00",57.72M,
11/29/2022,"17,400.00","16,600.00","17,450.00","16,350.00",64.31M,
11/28/2022,"16,350.00","15,600.00","16,350.00","15,600.00",58.84M,
11/25/2022,"15,300.00","14,600.00","15,300.00","14,350.00",26.53M,
11/24/2022,"14,350.00","13,700.00","14,400.00","13,600.00",31.12M,
11/23/2022,"13,800.00","14,700.00","14,850.00","13,800.00",30.30M,
11/22/2022,"14,800.00","14,650.00","15,450.00","14,450.00",43.25M,
11/21/2022,"14,950.00","15,200.00","15,250.00","14,750.00",31.60M,
11/18/2022,"15,100.00","14,600.00","15,200.00","14,250.00",99.66M,
11/17/2022,"14,250.00","13,900.00","14,250.00","13,800.00",21.51M,
11/16/2022,"13,350.00","12,300.00","13,350.00","11,800.00",34.90M,
11/15/2022,"12,500.00","12,000.00","12,550.00","12,000.00",40.42M,
11/14/2022,"12,200.00","12,150.00","12,450.00","11,850.00",60.27M,
11/11/2022,"12,300.00","12,300.00","12,650.00","12,000.00",60.72M,
11/10/2022,"12,100.00","12,700.00","12,800.00","12,100.00",79.75M,
11/09/2022,"13,000.00","13,200.00","13,600.00","12,950.00",32.79M,
11/08/2022,"13,150.00","13,100.00","13,700.00","13,000.00",46.27M,
11/07/2022,"13,700.00","14,550.00","14,800.00","13,700.00",38.26M,
11/04/2022,"14,650.00","15,000.00","15,150.00","14,500.00",43.89M,
11/03/2022,"15,200.00","15,250.00","15,450.00","15,100.00",20.63M,
11/02/2022,"15,350.00","15,000.00","15,700.00","15,000.00",40.12M,
11/01/2022,"15,000.00","15,750.00","16,000.00","14,800.00",81.55M,
10/31/2022,"15,650.00","15,650.00","16,000.00","15,650.00",66.30M,
10/28/2022,"16,800.00","17,400.00","17,650.00","16,800.00",31.20M,
10/27/2022,"17,400.00","16,950.00","17,600.00","16,900.00",21.37M,
10/26/2022,"16,900.00","17,000.00","17,400.00","16,850.00",11.24M,
10/25/2022,"17,100.00","16,400.00","17,500.00","16,050.00",31.11M,
10/24/2022,"16,400.00","17,000.00","17,050.00","16,200.00",27.97M,
10/21/2022,"16,900.00","18,300.00","18,300.00","16,900.00",45.16M,
10/20/2022,"18,100.00","18,350.00","18,600.00","18,050.00",26.03M,
10/19/2022,"18,400.00","18,850.00","18,850.00","18,350.00",20.24M,
10/18/2022,"18,850.00","19,500.00","19,700.00","18,700.00",24.39M,
10/17/2022,"19,250.00","19,250.00","19,350.00","18,900.00",17.06M,
10/14/2022,"19,450.00","19,750.00","19,900.00","19,300.00",22.59M,
10/13/2022,"19,500.00","18,800.00","19,600.00","18,550.00",24.20M,
10/12/2022,"18,700.00","17,800.00","18,700.00","17,500.00",29.00M,
10/11/2022,"17,500.00","18,400.00","18,400.00","17,350.00",26.45M,
10/10/2022,"18,350.00","17,300.00","18,600.00","17,200.00",25.06M,
10/07/2022,"17,600.00","17,650.00","17,800.00","17,050.00",36.47M,
10/06/2022,"18,000.00","19,300.00","19,300.00","18,000.00",37.46M,
10/05/2022,"19,200.00","19,200.00","19,350.00","18,850.00",25.32M,
10/04/2022,"18,850.00","20,100.00","20,250.00","18,650.00",30.51M,
10/03/2022,"19,750.00","21,200.00","21,200.00","19,750.00",33.57M,
09/30/2022,"21,200.00","21,500.00","21,650.00","20,700.00",23.37M,
09/29/2022,"21,650.00","22,150.00","22,300.00","21,650.00",10.33M,
09/28/2022,"21,800.00","22,200.00","22,450.00","21,600.00",14.07M,
09/27/2022,"22,400.00","22,450.00","22,500.00","22,100.00",9.01M,
09/26/2022,"22,400.00","22,450.00","22,600.00","21,850.00",25.88M,
09/23/2022,"22,700.00","23,050.00","23,200.00","22,700.00",14.59M,
09/22/2022,"23,000.00","22,700.00","23,100.00","22,650.00",11.59M,
09/21/2022,"22,900.00","22,900.00","22,950.00","22,700.00",9.92M,
09/20/2022,"23,000.00","22,800.00","23,000.00","22,600.00",11.51M,
09/19/2022,"22,650.00","23,100.00","23,250.00","22,450.00",27.48M,
09/16/2022,"23,000.00","23,400.00","23,600.00","23,000.00",27.51M,
09/15/2022,"23,600.00","23,900.00","23,900.00","23,450.00",13.73M,
09/14/2022,"23,700.00","23,250.00","23,800.00","23,250.00",27.03M,
09/13/2022,"23,700.00","23,750.00","24,000.00","23,500.00",14.68M,
09/12/2022,"23,800.00","23,900.00","24,300.00","23,800.00",26.17M,
09/09/2022,"23,800.00","23,350.00","23,800.00","23,100.00",26.05M,
09/08/2022,"23,100.00","23,200.00","23,450.00","22,900.00",20.37M,
09/07/2022,"23,000.00","23,550.00","23,800.00","23,000.00",25.03M,
09/06/2022,"23,550.00","24,000.00","24,200.00","23,550.00",15.33M,
09/05/2022,"23,900.00","23,050.00","24,100.00","23,050.00",26.28M,
08/31/2022,"23,000.00","23,000.00","23,150.00","22,750.00",14.98M,
08/30/2022,"23,050.00","23,100.00","23,300.00","22,950.00",15.31M,
08/29/2022,"23,000.00","23,050.00","23,250.00","22,650.00",32.47M,
08/26/2022,"23,500.00","24,000.00","24,000.00","23,500.00",16.47M,
08/25/2022,"23,850.00","23,750.00","24,050.00","23,600.00",18.26M,
08/24/2022,"23,500.00","23,650.00","23,750.00","23,500.00",12.13M,
08/23/2022,"23,650.00","23,100.00","23,650.00","23,100.00",16.69M,
08/22/2022,"23,350.00","23,650.00","23,750.00","23,150.00",23.80M,
08/19/2022,"23,750.00","24,100.00","24,250.00","23,650.00",31.46M,
08/18/2022,"24,150.00","24,100.00","24,350.00","24,050.00",23.22M,
08/17/2022,"24,300.00","24,600.00","24,650.00","24,150.00",27.44M,
08/16/2022,"24,550.00","24,000.00","24,700.00","24,000.00",65.49M,
08/15/2022,"24,000.00","24,100.00","24,200.00","23,800.00",31.51M,
08/12/2022,"23,950.00","23,300.00","24,050.00","23,250.00",33.80M,
08/11/2022,"23,400.00","24,050.00","24,150.00","23,300.00",34.35M,
08/10/2022,"23,800.00","24,000.00","24,400.00","23,800.00",30.12M,
08/09/2022,"24,100.00","23,900.00","24,300.00","23,650.00",48.22M,
08/08/2022,"23,600.00","23,400.00","23,900.00","23,300.00",30.37M,
08/05/2022,"23,300.00","23,400.00","23,650.00","23,150.00",42.52M,
08/04/2022,"23,650.00","23,900.00","23,950.00","23,500.00",30.03M,
08/03/2022,"23,750.00","22,700.00","23,850.00","22,600.00",58.85M,
08/02/2022,"22,900.00","22,900.00","23,150.00","22,700.00",27.73M,
08/01/2022,"22,800.00","21,700.00","22,850.00","21,600.00",38.14M,
07/29/2022,"21,500.00","21,600.00","21,950.00","21,500.00",20.59M,
07/28/2022,"21,400.00","21,500.00","21,700.00","21,250.00",23.51M,
07/27/2022,"21,250.00","21,450.00","21,500.00","21,050.00",28.60M,
07/26/2022,"21,650.00","21,800.00","22,000.00","21,600.00",26.38M,
07/25/2022,"21,900.00","22,200.00","22,300.00","21,800.00",20.72M,
07/22/2022,"22,200.00","22,700.00","22,800.00","22,200.00",16.64M,
07/21/2022,"22,700.00","22,350.00","23,000.00","22,300.00",23.04M,
07/20/2022,"22,350.00","22,350.00","22,750.00","22,300.00",16.89M,
07/19/2022,"22,150.00","22,500.00","22,600.00","22,100.00",16.28M,
07/18/2022,"22,600.00","23,200.00","23,300.00","22,500.00",19.93M,
07/15/2022,"23,200.00","22,350.00","23,500.00","22,350.00",47.70M,
07/14/2022,"22,200.00","22,200.00","22,400.00","22,100.00",12.52M,
07/13/2022,"22,300.00","22,200.00","22,800.00","22,150.00",17.86M,
07/12/2022,"22,300.00","22,050.00","22,500.00","21,950.00",12.15M,
07/11/2022,"22,050.00","22,400.00","22,650.00","21,950.00",12.48M,
07/08/2022,"22,450.00","22,000.00","22,550.00","22,000.00",19.50M,
07/07/2022,"21,750.00","21,450.00","21,750.00","21,400.00",10.83M,
07/06/2022,"21,450.00","21,700.00","22,250.00","21,300.00",18.23M,
07/05/2022,"21,900.00","22,100.00","22,350.00","21,750.00",15.09M,
07/04/2022,"22,000.00","22,650.00","22,650.00","22,000.00",12.44M,
07/01/2022,"22,400.00","22,300.00","22,600.00","21,550.00",15.20M,
06/30/2022,"22,300.00","22,900.00","23,400.00","22,300.00",19.95M,
06/29/2022,"22,750.00","22,300.00","23,150.00","22,100.00",20.19M,
06/28/2022,"22,500.00","22,850.00","22,850.00","22,250.00",17.84M,
06/27/2022,"22,900.00","22,000.00","22,900.00","21,350.00",20.74M,
06/24/2022,"21,800.00","21,850.00","22,500.00","21,700.00",12.83M,
06/23/2022,"21,800.00","21,500.00","21,850.00","21,500.00",6.93M,
06/22/2022,"21,500.00","20,850.00","22,000.00","20,850.00",21.44M,
06/21/2022,"20,800.00","21,350.00","21,500.00","20,500.00",39.94M,
06/20/2022,"21,600.00","22,750.00","23,000.00","21,600.00",37.27M,
06/17/2022,"23,200.00","23,450.00","23,500.00","21,950.00",30.24M,
06/16/2022,"23,461.50","22,818.20","23,726.40","22,629.00",43.40M,
06/15/2022,"22,250.60","22,780.40","23,385.90","21,834.40",37.31M,
06/14/2022,"22,931.80","23,840.00","23,877.80","22,856.10",36.97M,
06/13/2022,"24,067.00","24,975.20","25,353.60","23,991.30",27.61M,
06/10/2022,"25,429.30","25,580.70","25,921.20","25,429.30",19.74M,
06/09/2022,"25,580.70","24,899.50","26,148.30","24,786.00",35.07M,
06/08/2022,"24,899.50","25,202.20","25,315.80","24,786.00",32.29M,
06/07/2022,"25,126.60","25,202.20","25,391.40","24,710.30",25.19M,
06/06/2022,"25,202.20","25,845.50","25,921.20","25,050.90",23.10M,
06/03/2022,"25,277.90","25,202.20","25,732.00","25,164.40",19.12M,
06/02/2022,"25,088.70","25,732.00","25,959.10","25,013.00",32.99M,
06/01/2022,"25,996.90","26,110.40","26,337.50","25,580.70",28.14M,
05/31/2022,"26,261.80","26,753.70","26,753.70","26,110.40",24.49M,
05/30/2022,"26,829.40","26,867.30","27,132.10","26,715.90",19.57M,
05/27/2022,"26,829.40","26,488.80","27,170.00","26,337.50",22.87M,
05/26/2022,"26,488.80","26,488.80","26,942.90","26,148.30",21.09M,
05/25/2022,"26,072.60","26,110.40","26,451.00","25,013.00",51.24M,
05/24/2022,"26,413.20","27,813.30","28,002.50","25,883.40",54.86M,
05/23/2022,"27,813.30","28,721.50","28,910.70","27,472.70",13.23M,
05/20/2022,"28,494.40","28,532.30","28,607.90","28,191.70",18.11M,
05/19/2022,"28,683.60","28,229.50","28,835.00","27,889.00",20.85M,
05/18/2022,"28,910.70","29,062.00","29,289.10","28,645.80",20.90M,
05/17/2022,"28,910.70","27,397.00","28,910.70","27,245.70",30.44M,
05/16/2022,"27,472.70","28,040.30","28,380.90","27,472.70",38.21M,
05/13/2022,"27,170.00","28,872.80","29,175.60","27,056.50",55.90M,
05/12/2022,"28,948.50","30,727.10","30,764.90","28,948.50",32.83M,
05/11/2022,"30,764.90","31,029.80","31,256.80","30,689.20",12.43M,
05/10/2022,"31,105.50","29,894.60","31,105.50","29,289.10",25.27M,
05/09/2022,"30,235.10","31,408.20","31,710.90","30,235.10",34.17M,
05/06/2022,"31,635.20","31,332.50","32,543.40","31,332.50",19.51M,
05/05/2022,"31,824.50","32,240.70","32,240.70","31,408.20",17.96M,
05/04/2022,"31,786.60","32,770.50","32,770.50","31,786.60",19.37M,
04/29/2022,"32,770.50","32,467.80","32,846.20","32,429.90",16.05M,
04/28/2022,"32,619.10","32,165.00","32,884.00","32,165.00",17.70M,
04/27/2022,"32,165.00","31,181.20","32,467.80","31,105.50",24.41M,
04/26/2022,"31,181.20","30,386.50","31,332.50","29,970.20",30.26M,
04/25/2022,"30,840.60","33,148.90","33,148.90","30,840.60",37.77M,
04/22/2022,"33,148.90","33,300.30","33,338.10","32,051.50",16.51M,
04/21/2022,"32,808.30","32,543.40","33,375.90","31,862.30",23.16M,
04/20/2022,"32,694.80","32,921.80","33,300.30","32,619.10",17.21M,
04/19/2022,"32,770.50","32,543.40","33,224.60","32,467.80",24.77M,
04/18/2022,"32,278.50","33,338.10","33,716.50","32,278.50",30.14M,
04/15/2022,"33,451.60","33,981.40","34,057.10","33,413.80",23.89M,
04/14/2022,"33,981.40","34,284.10","34,473.30","33,981.40",15.65M,
04/13/2022,"34,208.40","34,284.10","34,397.70","33,830.00",16.53M,
04/12/2022,"34,132.80","35,192.30","35,192.30","34,094.90",23.70M,
04/08/2022,"35,116.60","35,381.50","35,608.60","35,078.80",17.86M,
04/07/2022,"35,230.20","35,949.10","36,024.80","35,230.20",18.87M,
04/06/2022,"35,759.90","34,813.90","36,289.70","34,813.90",38.62M,
04/05/2022,"34,889.60","34,813.90","35,116.60","34,776.10",15.76M,
04/04/2022,"34,700.40","34,813.90","35,041.00","34,624.70",15.80M,
04/01/2022,"34,586.90","34,057.10","34,813.90","33,678.70",25.61M,
03/31/2022,"34,132.80","34,549.00","34,776.10","33,905.70",24.56M,
03/30/2022,"34,435.50","34,662.50","35,116.60","34,359.80",20.44M,
03/29/2022,"34,700.40","34,965.30","35,003.10","34,662.50",16.88M,
03/28/2022,"34,738.20","34,889.60","35,457.20","34,662.50",25.36M,
03/25/2022,"35,116.60","35,230.20","35,532.90","34,965.30",17.48M,
03/24/2022,"35,116.60","35,570.70","35,570.70","35,078.80",19.41M,
03/23/2022,"35,419.40","35,722.10","35,911.30","35,419.40",22.48M,
03/22/2022,"35,495.00","35,495.00","35,532.90","35,041.00",29.86M,
03/21/2022,"35,457.20","35,343.70","35,722.10","35,116.60",25.11M,
03/18/2022,"35,192.30","34,965.30","35,457.20","34,851.70",23.05M,
03/17/2022,"34,776.10","35,268.00","35,343.70","34,738.20",19.45M,
03/16/2022,"34,965.30","35,495.00","35,684.30","34,965.30",14.84M,
03/15/2022,"34,927.40","34,776.10","35,343.70","34,397.70",27.12M,
03/14/2022,"34,662.50","35,797.80","36,478.90","34,662.50",44.00M,
03/11/2022,"36,024.80","37,235.70","37,311.40","35,457.20",57.64M,
03/10/2022,"37,197.90","37,841.20","37,916.90","37,160.10",34.88M,
03/09/2022,"37,727.70","37,841.20","38,068.30","36,970.90",45.21M,
03/08/2022,"37,425.00","38,295.30","38,749.40","37,425.00",52.66M,
03/07/2022,"38,673.70","37,992.60","39,733.30","37,841.20",49.99M,
03/04/2022,"37,689.80","38,598.00","38,825.10","37,689.80",43.39M,
03/03/2022,"37,916.90","36,024.80","37,916.90","35,797.80",99.11M,
03/02/2022,"35,495.00","35,570.70","35,835.60","35,268.00",25.86M,
03/01/2022,"35,495.00","36,100.50","36,403.20","35,457.20",30.39M,
02/28/2022,"35,722.10","34,851.70","36,176.20","34,851.70",45.76M,
02/25/2022,"34,738.20","34,889.60","35,078.80","34,738.20",16.61M,
02/24/2022,"34,813.90","35,381.50","35,457.20","34,132.80",29.18M,
02/23/2022,"35,343.70","35,305.80","35,722.10","35,003.10",16.88M,
02/22/2022,"35,116.60","35,041.00","35,268.00","34,586.90",22.97M,
02/21/2022,"35,305.80","35,646.40","35,949.10","35,230.20",15.83M,
02/18/2022,"35,608.60","34,965.30","36,062.70","34,851.70",27.79M,
02/17/2022,"35,192.30","34,813.90","35,381.50","34,813.90",14.76M,
02/16/2022,"34,813.90","34,889.60","35,192.30","34,511.20",12.16M,
02/15/2022,"34,813.90","34,965.30","35,230.20","34,359.80",20.23M,
02/14/2022,"34,965.30","35,192.30","35,949.10","34,927.40",23.72M,
02/11/2022,"35,684.30","35,268.00","35,949.10","35,041.00",22.55M,
02/10/2022,"35,570.70","35,873.50","36,251.90","35,343.70",30.68M,
02/09/2022,"35,797.80","34,662.50","36,554.60","34,586.90",52.39M,
02/08/2022,"34,473.30","32,543.40","34,473.30","32,543.40",34.49M,
02/07/2022,"32,581.30","32,392.10","33,073.20","31,635.20",21.59M,
01/28/2022,"31,938.00","31,975.80","32,392.10","31,559.60",19.42M,
01/27/2022,"31,900.10","32,694.80","32,921.80","31,786.60",19.11M,
01/26/2022,"32,884.00","32,921.80","33,640.80","32,884.00",19.77M,
01/25/2022,"32,732.60","30,651.40","32,770.50","30,424.30",23.25M,
01/24/2022,"30,802.70","32,619.10","32,694.80","30,802.70",38.25M,
01/21/2022,"32,770.50","33,300.30","33,640.80","32,619.10",21.16M,
01/20/2022,"33,300.30","33,148.90","33,451.60","32,770.50",19.07M,
01/19/2022,"32,921.80","33,603.00","33,716.50","32,884.00",23.02M,
01/18/2022,"33,300.30","33,678.70","34,246.30","32,543.40",27.87M,
01/17/2022,"33,830.00","35,003.10","35,192.30","33,830.00",28.16M,
01/14/2022,"35,003.10","35,192.30","35,457.20","34,965.30",10.27M,
01/13/2022,"35,343.70","35,041.00","35,797.80","34,965.30",32.49M,
01/12/2022,"34,965.30","34,208.40","35,003.10","34,170.60",19.09M,
01/11/2022,"34,132.80","34,851.70","34,851.70","34,132.80",16.59M,
01/10/2022,"34,549.00","34,700.40","35,305.80","34,435.50",22.72M,
01/07/2022,"34,662.50","34,889.60","34,965.30","34,549.00",21.24M,
01/06/2022,"34,889.60","35,192.30","35,343.70","34,889.60",22.32M,
01/05/2022,"35,419.40","35,495.00","35,835.60","35,419.40",24.39M,
01/04/2022,"35,381.50","35,419.40","35,722.10","35,268.00",26.13M,
12/31/2021,"35,116.60","34,813.90","35,305.80","34,700.40",17.92M,
12/30/2021,"34,586.90","35,041.00","35,041.00","34,586.90",13.37M,
12/29/2021,"34,662.50","34,662.50","35,041.00","34,435.50",19.65M,
12/28/2021,"34,662.50","34,738.20","35,343.70","34,511.20",16.06M,
12/27/2021,"34,738.20","35,230.20","35,268.00","34,473.30",13.88M,
12/24/2021,"34,851.70","34,284.10","35,305.80","34,246.30",24.92M,
12/23/2021,"34,019.20","34,132.80","34,132.80","33,375.90",34.68M,
12/22/2021,"34,132.80","35,041.00","35,192.30","34,132.80",32.07M,
12/21/2021,"34,889.60","35,495.00","35,532.90","34,889.60",22.22M,
12/20/2021,"35,495.00","35,343.70","35,835.60","35,192.30",12.98M,
12/17/2021,"35,343.70","35,835.60","35,987.00","35,268.00",28.62M,
12/16/2021,"35,949.10","36,403.20","36,403.20","35,797.80",14.34M,
12/15/2021,"36,176.20","36,327.60","36,781.60","36,100.50",11.76M,
12/14/2021,"36,100.50","35,230.20","37,160.10","34,965.30",46.38M,
12/13/2021,"35,230.20","35,230.20","35,684.30","35,041.00",18.60M,
12/10/2021,"35,192.30","35,608.60","35,722.10","35,116.60",25.26M,
12/09/2021,"35,646.40","35,495.00","35,797.80","35,419.40",13.42M,
12/08/2021,"35,722.10","36,251.90","36,251.90","35,608.60",14.44M,
12/07/2021,"36,024.80","35,154.50","36,024.80","34,813.90",28.52M,
12/06/2021,"34,624.70","35,949.10","36,289.70","34,435.50",45.02M,
12/03/2021,"36,100.50","36,933.00","37,197.90","36,100.50",28.19M,
12/02/2021,"36,781.60","37,235.70","37,273.60","36,781.60",16.68M,
12/01/2021,"37,084.40","37,462.80","37,462.80","37,008.70",17.97M,
11/30/2021,"37,046.50","37,046.50","37,803.40","36,706.00",28.83M,
11/29/2021,"36,630.30","36,478.90","37,008.70","36,478.90",28.34M,
11/26/2021,"37,122.20","37,311.40","37,803.40","37,084.40",34.75M,
11/25/2021,"37,273.60","36,857.30","37,349.30","36,857.30",28.29M,
11/24/2021,"36,819.50","37,462.80","37,614.20","36,706.00",35.26M,
11/23/2021,"37,500.60","37,008.70","37,689.80","36,781.60",20.34M,
11/22/2021,"36,819.50","36,478.90","37,235.70","36,327.60",29.42M,
11/19/2021,"36,327.60","37,538.50","37,614.20","36,251.90",63.01M,
11/18/2021,"37,803.40","38,900.80","38,900.80","37,538.50",76.19M,
11/17/2021,"38,900.80","39,354.90","39,808.90","38,900.80",39.00M,
11/16/2021,"39,354.90","40,338.70","40,565.80","39,354.90",51.71M,
11/15/2021,"40,565.80","41,246.90","41,322.60","40,338.70",39.84M,
11/12/2021,"41,322.60","40,792.80","41,474.00","40,717.10",27.10M,
11/11/2021,"40,868.50","41,625.30","41,852.40","40,565.80",70.58M,
11/10/2021,"41,852.40","42,760.60","42,836.20","41,776.70",56.39M,
11/09/2021,"42,760.60","42,987.60","43,593.10","42,684.90",32.13M,
11/08/2021,"42,987.60","43,063.30","43,139.00","42,533.50",27.63M,
11/05/2021,"42,836.20","42,609.20","43,139.00","42,155.10",25.19M,
11/04/2021,"42,609.20","42,079.40","43,063.30","42,079.40",19.30M,
11/03/2021,"42,079.40","42,533.50","42,609.20","41,852.40",38.83M,
11/02/2021,"42,003.70","42,003.70","42,684.90","41,776.70",33.37M,
11/01/2021,"42,155.10","43,214.70","43,214.70","42,155.10",58.78M,
10/29/2021,"43,214.70","43,895.80","43,971.50","43,214.70",31.04M,
10/28/2021,"43,895.80","43,820.10","44,047.20","43,366.00",28.50M,
10/27/2021,"43,820.10","42,609.20","43,820.10","42,609.20",37.62M,
10/26/2021,"42,609.20","41,474.00","42,609.20","41,019.90",36.28M,
10/25/2021,"41,701.00","42,760.60","42,911.90","41,701.00",54.09M,
10/22/2021,"42,911.90","43,441.70","43,744.40","42,911.90",25.80M,
10/21/2021,"43,290.30","43,290.30","44,047.20","42,836.20",50.95M,
10/20/2021,"43,063.30","43,441.70","43,517.40","42,230.80",45.06M,
10/19/2021,"43,290.30","43,593.10","43,895.80","43,214.70",30.84M,
10/18/2021,"43,820.10","43,593.10","44,198.50","43,517.40",26.96M,
10/15/2021,"43,366.00","43,366.00","43,668.70","43,139.00",24.08M,
10/14/2021,"42,987.60","42,987.60","43,441.70","42,911.90",25.06M,
10/13/2021,"42,987.60","43,139.00","43,441.70","42,760.60",20.26M,
10/12/2021,"43,139.00","43,366.00","43,593.10","42,987.60",23.54M,
10/11/2021,"43,290.30","42,457.80","43,366.00","42,155.10",33.21M,
10/08/2021,"42,155.10","42,230.80","42,533.50","41,776.70",28.20M,
10/07/2021,"42,079.40","42,684.90","42,911.90","42,003.70",34.80M,
10/06/2021,"42,457.80","42,230.80","42,609.20","41,928.10",34.80M,
10/05/2021,"41,852.40","42,003.70","42,306.50","41,701.00",34.54M,
10/04/2021,"42,003.70","40,792.80","42,306.50","40,792.80",58.96M,
10/01/2021,"40,414.40","40,036.00","40,641.50","39,884.60",39.62M,
09/30/2021,"40,036.00","40,641.50","40,641.50","39,960.30",30.09M,
09/29/2021,"40,338.70","39,884.60","40,565.80","39,808.90",45.37M,
09/28/2021,"39,808.90","38,295.30","39,884.60","38,295.30",46.29M,
09/27/2021,"38,446.70","38,900.80","39,354.90","38,446.70",37.01M,
09/24/2021,"38,446.70","38,598.00","39,127.80","38,371.00",20.65M,
09/23/2021,"38,598.00","38,825.10","39,279.20","38,522.30",23.11M,
09/22/2021,"38,522.30","38,446.70","38,673.70","38,295.30",17.09M,
09/21/2021,"38,446.70","38,295.30","38,749.40","37,992.60",37.50M,
09/20/2021,"38,825.10","39,657.60","39,657.60","38,522.30",42.03M,
09/17/2021,"39,203.50","38,900.80","39,354.90","38,825.10",31.91M,
09/16/2021,"38,825.10","39,354.90","39,581.90","38,825.10",23.38M,
09/15/2021,"39,052.10","37,916.90","39,354.90","37,765.50",33.68M,
09/14/2021,"38,068.30","38,446.70","38,598.00","37,992.60",29.16M,
09/13/2021,"38,446.70","38,976.40","38,976.40","38,371.00",35.40M,
09/10/2021,"38,976.40","39,354.90","39,506.20","38,900.80",22.38M,
09/09/2021,"39,279.20","39,052.10","39,657.60","38,976.40",47.73M,
09/08/2021,"38,825.10","38,371.00","39,279.20","38,143.90",42.95M,
09/07/2021,"38,371.00","39,052.10","39,354.90","38,295.30",40.62M,
09/06/2021,"38,749.40","37,462.80","38,900.80","37,387.10",62.53M,
09/01/2021,"37,235.70","37,084.40","37,500.60","37,008.70",19.59M,
08/31/2021,"37,311.40","37,084.40","37,614.20","36,933.00",33.63M,
08/30/2021,"36,857.30","36,327.60","36,895.20","36,062.70",22.11M,
08/27/2021,"36,024.80","35,949.10","36,214.00","35,381.50",31.84M,
08/26/2021,"36,100.50","36,781.60","36,781.60","35,987.00",18.02M,
08/25/2021,"36,630.30","36,289.70","36,706.00","35,873.50",21.32M,
08/24/2021,"36,138.30","36,024.80","36,516.80","35,949.10",28.51M,
08/23/2021,"35,949.10","37,084.40","37,084.40","35,949.10",42.67M,
08/20/2021,"37,084.40","38,446.70","38,598.00","36,478.90",64.13M,
08/19/2021,"38,522.30","38,295.30","38,825.10","38,143.90",35.76M,
08/18/2021,"38,143.90","38,219.60","38,522.30","37,765.50",26.21M,
08/17/2021,"38,143.90","37,576.30","38,522.30","37,538.50",59.13M,
08/16/2021,"37,425.00","37,084.40","37,462.80","37,046.50",28.89M,
08/13/2021,"36,819.50","36,630.30","36,857.30","36,100.50",33.55M,
08/12/2021,"36,630.30","37,008.70","37,084.40","36,630.30",28.01M,
08/11/2021,"37,046.50","37,689.80","37,689.80","37,046.50",28.46M,
08/10/2021,"37,387.10","37,916.90","38,219.60","37,160.10",30.31M,
08/09/2021,"37,614.20","36,403.20","37,614.20","36,289.70",39.55M,
08/06/2021,"36,630.30","36,781.60","37,160.10","36,554.60",26.13M,
08/05/2021,"36,933.00","35,911.30","37,084.40","35,835.60",38.62M,
08/04/2021,"35,949.10","35,987.00","36,327.60","35,759.90",31.63M,
08/03/2021,"35,759.90","35,797.80","36,062.70","35,381.50",36.79M,
08/02/2021,"35,759.90","35,646.40","36,251.90","35,495.00",31.47M,
07/30/2021,"35,797.80","35,646.40","36,024.80","35,646.40",29.92M,
07/29/2021,"35,646.40","35,532.90","36,100.50","35,419.40",42.62M,
07/28/2021,"35,343.70","35,041.00","35,646.40","34,965.30",27.58M,
07/27/2021,"34,965.30","34,813.90","35,419.40","34,586.90",23.67M,
07/26/2021,"34,511.20","34,435.50","34,889.60","33,792.20",30.53M,
07/23/2021,"34,662.50","35,419.40","35,570.70","34,662.50",37.58M,
07/22/2021,"35,722.10","35,343.70","36,100.50","35,041.00",27.94M,
07/21/2021,"35,381.50","35,949.10","36,176.20","35,268.00",27.74M,
07/20/2021,"35,797.80","34,057.10","35,797.80","33,640.80",53.26M,
07/19/2021,"33,527.30","34,549.00","34,738.20","33,300.30",51.25M,
07/16/2021,"35,381.50","35,343.70","35,911.30","35,192.30",28.93M,
07/15/2021,"35,192.30","33,754.40","35,457.20","33,754.40",37.11M,
07/14/2021,"34,057.10","34,738.20","34,813.90","33,565.10",35.66M,
07/13/2021,"34,435.50","34,435.50","34,813.90","33,716.50",33.15M,
07/12/2021,"34,019.20","35,343.70","35,495.00","33,300.30",98.15M,
07/09/2021,"35,797.80","36,706.00","37,160.10","34,813.90",60.96M,
07/08/2021,"37,084.40","37,765.50","37,916.90","36,781.60",39.82M,
07/07/2021,"37,765.50","37,084.40","37,765.50","36,214.00",52.72M,
07/06/2021,"36,327.60","38,673.70","39,506.20","36,327.60",62.68M,
07/05/2021,"38,749.40","39,581.90","39,581.90","38,446.70",48.19M,
07/02/2021,"39,581.90","40,111.70","40,414.40","39,506.20",39.08M,
07/01/2021,"39,960.30","39,127.80","40,036.00","39,052.10",51.57M,
06/30/2021,"38,976.40","39,279.20","39,506.20","38,900.80",24.57M,
06/29/2021,"39,203.50","39,733.30","39,808.90","39,127.80",25.78M,
06/28/2021,"39,657.60","38,825.10","39,733.30","38,446.70",50.91M,
06/25/2021,"38,371.00","38,371.00","38,749.40","37,689.80",34.05M,
06/24/2021,"38,295.30","38,900.80","39,127.80","38,219.60",25.98M,
06/23/2021,"38,900.80","39,052.10","39,279.20","38,673.70",24.13M,
06/22/2021,"39,127.80","38,976.40","39,657.60","38,749.40",24.00M,
06/21/2021,"38,749.40","39,354.90","39,733.30","38,749.40",29.39M,
06/18/2021,"39,430.50","39,279.20","40,338.70","38,900.80",37.69M,
06/17/2021,"38,900.80","38,522.30","39,279.20","38,522.30",26.28M,
06/16/2021,"39,203.50","39,960.30","40,111.70","38,976.40",37.61M,
06/15/2021,"40,263.00","40,111.70","40,565.80","39,884.60",28.22M,
06/14/2021,"40,565.80","40,490.10","41,095.50","39,960.30",37.16M,
06/11/2021,"40,187.40","39,430.50","40,263.00","39,052.10",37.74M,
06/10/2021,"39,052.10","37,992.60","39,808.90","37,841.20",38.11M,
06/09/2021,"38,068.30","37,765.50","38,900.80","37,084.40",53.24M,
06/08/2021,"37,841.20","39,581.90","40,036.00","37,841.20",50.03M,
06/07/2021,"39,884.60","41,322.60","41,625.30","39,354.90",45.05M,
06/04/2021,"41,246.90","41,246.90","41,852.40","41,095.50",41.18M,
06/03/2021,"41,095.50","40,868.50","41,322.60","40,111.70",48.06M,
06/02/2021,"40,868.50","41,625.30","42,003.70","40,111.70",52.00M,
06/01/2021,"42,003.70","41,322.60","42,609.20","40,868.50",43.44M,
05/31/2021,"39,884.60","39,884.60","39,884.60","39,203.50",78.40M,
05/28/2021,"37,409.30","37,409.30","37,520.80","36,907.60",52.89M,
05/27/2021,"37,242.10","37,743.80","37,799.60","36,907.60",33.63M,
05/26/2021,"37,799.60","37,576.60","37,799.60","37,465.10",27.18M,
05/25/2021,"37,576.60","36,405.80","37,799.60","36,350.00",39.82M,
05/24/2021,"36,461.50","36,573.10","36,851.80","36,238.50",41.40M,
05/21/2021,"36,573.10","36,851.80","37,019.10","36,461.50",40.28M,
05/20/2021,"37,130.60","36,907.60","37,186.30","36,517.30",37.82M,
05/19/2021,"36,851.80","35,681.00","37,186.30","35,402.30",49.86M,
05/18/2021,"35,346.50","34,844.80","35,513.80","34,844.80",68.70M,
05/17/2021,"34,510.20","34,231.50","34,789.00","33,785.50",59.68M,
05/14/2021,"34,231.50","34,566.00","34,844.80","34,008.50",55.84M,
05/13/2021,"34,287.20","34,789.00","35,123.50","34,287.20",43.27M,
05/12/2021,"34,956.30","34,343.00","34,956.30","34,175.70",51.45M,
05/11/2021,"34,566.00","35,290.80","35,290.80","34,566.00",51.89M,
05/10/2021,"35,123.50","33,897.00","35,290.80","33,897.00",49.42M,
05/07/2021,"33,897.00","33,005.00","34,287.20","32,949.20",51.87M,
05/06/2021,"33,116.50","33,060.70","33,618.20","32,781.90",37.93M,
05/05/2021,"33,060.70","33,451.00","33,618.20","33,060.70",42.94M,
05/04/2021,"33,339.50","31,945.70","33,674.00","31,778.40",57.91M,
04/29/2021,"32,391.70","31,499.70","32,726.20","31,443.90",48.93M,
04/28/2021,"31,220.90","31,388.20","31,499.70","30,942.10",27.41M,
04/27/2021,"31,388.20","30,719.10","31,443.90","30,328.90",37.37M,
04/26/2021,"30,719.10","31,499.70","31,555.40","30,663.40",44.15M,
04/23/2021,"31,443.90","30,942.10","31,443.90","30,551.90",50.01M,
04/22/2021,"30,663.40","31,499.70","32,280.20","30,663.40",58.00M,
04/20/2021,"31,889.90","32,335.90","32,670.40","31,220.90",66.39M,
04/19/2021,"32,224.40","30,774.90","32,224.40","30,496.10",61.09M,
04/16/2021,"30,440.40","30,161.60","31,053.60","29,827.10",49.90M,
04/15/2021,"30,384.60","29,827.10","30,496.10","29,269.60",56.30M,
04/14/2021,"29,548.40","27,931.60","29,715.60","27,820.10",50.46M,
04/13/2021,"27,931.60","28,712.10","28,712.10","27,931.60",47.31M,
04/12/2021,"28,544.80","27,820.10","28,712.10","27,736.40",47.40M,
04/09/2021,"27,624.90","27,485.50","27,820.10","27,346.20",27.42M,
04/08/2021,"27,513.40","27,597.00","27,652.80","27,318.30",21.01M,
04/07/2021,"27,569.20","27,541.30","27,652.80","27,262.50",25.29M,
04/06/2021,"27,541.30","27,485.50","27,624.90","27,374.00",24.63M,
04/05/2021,"27,485.50","27,597.00","27,652.80","27,290.40",26.99M,
04/02/2021,"27,346.20","27,206.80","27,485.50","27,095.30",29.27M,
04/01/2021,"27,039.50","26,203.30","27,039.50","26,175.40",48.58M,
03/31/2021,"26,091.80","25,896.60","26,398.40","25,840.90",28.65M,
03/30/2021,"25,896.60","25,924.50","26,063.90","25,701.50",23.40M,
03/29/2021,"25,813.00","25,924.50","25,980.20","25,729.40",23.26M,
03/26/2021,"25,757.20","25,367.00","25,757.20","25,116.10",49.33M,
03/25/2021,"25,088.20","25,478.50","25,506.40","24,976.70",34.98M,
03/24/2021,"25,339.10","25,673.60","25,840.90","25,144.00",41.51M,
03/23/2021,"25,980.20","26,008.10","26,259.00","25,868.70",21.92M,
03/22/2021,"26,063.90","26,370.50","26,454.10","26,036.00",19.39M,
03/19/2021,"26,286.90","25,980.20","26,454.10","25,980.20",32.28M,
03/18/2021,"25,980.20","26,036.00","26,063.90","25,840.90",19.60M,
03/17/2021,"25,813.00","25,729.40","25,896.60","25,673.60",21.40M,
03/16/2021,"25,701.50","25,980.20","25,980.20","25,534.20",24.74M,
03/15/2021,"25,924.50","25,980.20","26,147.50","25,868.70",20.89M,
03/12/2021,"25,896.60","25,980.20","25,980.20","25,757.20",21.33M,
03/11/2021,"25,868.70","25,590.00","26,008.10","25,534.20",27.32M,
03/10/2021,"25,422.70","25,562.10","25,562.10","25,171.80",27.68M,
03/09/2021,"25,562.10","25,645.70","25,757.20","25,116.10",28.59M,
03/08/2021,"25,813.00","25,980.20","26,147.50","25,645.70",31.20M,
03/05/2021,"25,645.70","25,450.60","25,701.50","25,144.00",37.55M,
03/04/2021,"25,590.00","26,147.50","26,147.50","25,088.20",49.07M,
03/03/2021,"26,091.80","25,952.40","26,231.10","25,924.50",39.07M,
03/02/2021,"26,036.00","26,091.80","26,259.00","25,757.20",41.54M,
03/01/2021,"25,757.20","25,785.10","25,813.00","25,534.20",38.61M,
02/26/2021,"25,422.70","24,363.50","25,478.50","24,307.70",71.83M,
02/25/2021,"24,614.30","24,530.70","24,753.70","24,335.60",38.49M,
02/24/2021,"24,307.70","24,335.60","24,753.70","24,140.40",47.88M,
02/23/2021,"24,140.40","24,084.70","24,391.30","23,945.30",31.45M,
02/22/2021,"24,196.20","24,224.10","24,753.70","23,973.20",37.49M,
02/19/2021,"24,224.10","24,140.40","24,475.00","24,028.90",29.85M,
02/18/2021,"24,447.10","24,196.20","24,530.70","23,945.30",37.46M,
02/17/2021,"24,224.10","23,666.60","24,224.10","23,582.90",42.56M,
02/09/2021,"23,304.20","22,802.40","23,359.90","22,551.50",45.92M,
02/08/2021,"22,802.40","23,694.40","23,750.20","22,300.60",57.77M,
02/05/2021,"23,694.40","23,387.80","23,805.90","23,248.40",41.02M,
02/04/2021,"23,304.20","23,415.70","23,527.20","23,164.80",39.05M,
02/03/2021,"23,415.70","22,969.70","23,610.80","22,858.20",61.14M,
02/02/2021,"22,579.40","21,464.40","22,579.40","21,325.00",50.09M,
02/01/2021,"21,380.70","21,743.10","22,217.00","21,297.10",37.42M,
01/29/2021,"21,826.80","20,628.10","22,272.80","20,628.10",70.64M,
01/28/2021,"20,906.90","20,962.60","21,771.00","20,906.90",87.64M,
01/27/2021,"22,467.90","23,081.20","23,638.70","22,021.90",49.24M,
01/26/2021,"23,582.90","24,307.70","24,307.70","23,192.70",42.29M,
01/25/2021,"24,363.50","24,112.60","25,339.10","24,028.90",58.08M,
01/22/2021,"24,335.60","24,698.00","24,921.00","24,279.80",25.97M,
01/21/2021,"24,642.20","23,889.60","24,642.20","23,304.20",36.56M,
01/20/2021,"23,248.40","23,415.70","23,945.30","22,300.60",66.54M,
01/19/2021,"23,192.70","24,865.20","24,865.20","23,136.90",45.24M,
01/18/2021,"24,865.20","24,809.50","25,004.60","24,670.10",31.79M,
01/15/2021,"24,809.50","24,698.00","25,116.10","24,698.00",25.95M,
01/14/2021,"24,781.60","24,921.00","24,921.00","24,447.10",30.76M,
01/13/2021,"24,921.00","25,199.70","25,339.10","24,753.70",28.31M,
01/12/2021,"25,032.50","24,084.70","25,032.50","23,917.40",39.91M,
01/11/2021,"24,001.10","24,028.90","24,140.40","23,750.20",29.21M,
01/08/2021,"23,833.80","23,917.40","24,140.40","23,750.20",35.06M,
01/07/2021,"23,861.70","24,056.80","24,084.70","23,555.10",38.23M,
01/06/2021,"23,861.70","23,694.40","24,140.40","23,582.90",31.50M,
01/05/2021,"23,610.80","23,304.20","23,861.70","23,248.40",32.70M,
01/04/2021,"23,582.90","23,415.70","23,973.20","23,220.50",27.79M,
12/31/2020,"23,109.00","22,802.40","23,276.30","22,690.90",20.83M,
12/30/2020,"22,802.40","23,192.70","23,192.70","22,718.80",38.45M,
12/29/2020,"23,192.70","22,997.50","23,332.00","22,886.00",23.59M,
12/28/2020,"23,164.80","23,304.20","23,387.80","22,858.20",36.90M,
12/25/2020,"22,718.80","22,300.60","22,774.50","22,021.90",39.78M,
12/24/2020,"22,272.80","22,635.20","22,746.70","21,520.10",32.48M,
12/23/2020,"22,300.60","21,994.00","22,969.70","21,966.10",49.31M,
12/22/2020,"21,938.30","21,492.20","21,994.00","21,352.90",45.72M,
12/21/2020,"21,492.20","21,743.10","21,771.00","21,380.70",27.71M,
12/18/2020,"21,520.10","21,241.40","21,603.70","21,129.90",35.02M,
12/17/2020,"20,990.50","21,408.60","21,548.00","20,990.50",53.78M,
12/16/2020,"21,631.60","21,631.60","21,938.30","21,464.40",30.40M,
12/15/2020,"21,520.10","21,771.00","21,826.80","21,464.40",34.37M,
12/14/2020,"21,882.50","21,966.10","22,021.90","21,715.30",25.42M,
12/11/2020,"21,631.60","21,185.60","21,631.60","21,018.40",29.21M,
12/10/2020,"20,962.60","21,464.40","21,520.10","20,739.60",53.36M,
12/09/2020,"21,464.40","21,464.40","21,520.10","21,241.40",26.79M,
12/08/2020,"21,408.60","21,297.10","21,631.60","21,185.60",35.69M,
12/07/2020,"21,297.10","20,656.00","21,408.60","20,544.50",42.82M,
12/04/2020,"20,600.20","20,656.00","20,767.50","20,460.80",31.18M,
12/03/2020,"20,544.50","19,819.70","20,544.50","19,680.30",39.51M,
12/02/2020,"19,680.30","19,847.60","19,875.40","19,568.80",25.70M,
12/01/2020,"19,847.60","19,457.30","19,847.60","19,262.20",38.26M,
11/30/2020,"19,791.80","20,210.00","20,293.60","19,791.80",30.64M,
11/27/2020,"20,210.00","19,513.10","20,293.60","19,513.10",28.13M,
11/26/2020,"19,568.80","19,568.80","19,736.10","19,122.80",58.20M,
11/25/2020,"19,847.60","20,516.60","20,572.30","19,624.60",97.75M,
11/24/2020,"20,906.90","21,046.20","21,464.40","20,237.80",85.88M,
11/23/2020,"20,906.90","19,903.30","21,102.00","19,791.80",41.56M,
11/20/2020,"19,903.30","19,680.30","19,903.30","19,485.20",31.84M,
11/19/2020,"19,624.60","19,345.80","19,791.80","19,206.40",46.57M,
11/18/2020,"19,290.10","18,732.50","19,290.10","18,593.20",38.81M,
11/17/2020,"18,593.20","18,119.30","18,593.20","18,063.50",28.48M,
11/16/2020,"17,979.90","18,007.80","18,258.70","17,784.80",44.82M,
11/13/2020,"17,812.60","17,561.80","17,812.60","17,533.90",21.34M,
11/12/2020,"17,533.90","17,450.30","17,561.80","17,422.40",17.21M,
11/11/2020,"17,450.30","17,450.30","17,617.50","17,366.60",25.56M,
11/10/2020,"17,450.30","17,896.30","17,952.00","17,450.30",36.23M,
11/09/2020,"17,561.80","17,171.50","17,561.80","17,115.70",32.14M,
11/06/2020,"16,948.50","16,892.70","17,115.70","16,837.00",23.54M,
11/05/2020,"16,864.90","17,087.90","17,143.60","16,864.90",20.36M,
11/04/2020,"17,087.90","17,115.70","17,283.00","16,920.60",32.10M,
11/03/2020,"17,115.70","17,283.00","17,450.30","17,032.10",30.75M,
11/02/2020,"17,060.00","17,032.10","17,115.70","16,920.60",18.23M,
10/30/2020,"17,032.10","17,171.50","17,227.20","16,669.70",33.41M,
10/29/2020,"17,060.00","16,697.60","17,143.60","16,697.60",36.47M,
10/28/2020,"16,948.50","17,366.60","17,645.40","16,837.00",45.04M,
10/27/2020,"17,506.00","17,060.00","17,673.30","17,032.10",44.37M,
10/26/2020,"17,171.50","17,283.00","17,840.50","17,115.70",35.73M,
10/23/2020,"17,227.20","16,614.00","17,227.20","16,530.40",51.83M,
10/22/2020,"16,502.50","16,168.00","16,502.50","16,112.20",22.94M,
10/21/2020,"16,223.70","16,418.80","16,502.50","16,168.00",18.73M,
10/20/2020,"16,363.10","16,028.60","16,363.10","16,000.70",23.38M,
10/19/2020,"16,112.20","16,251.60","16,307.30","16,084.30",19.20M,
10/16/2020,"16,223.70","16,279.50","16,446.70","16,140.10",30.39M,
10/15/2020,"16,195.80","16,725.50","16,725.50","16,195.80",53.57M,
10/14/2020,"15,805.60","15,582.60","15,805.60","15,498.90",24.99M,
10/13/2020,"15,610.40","15,722.00","15,749.80","15,554.70",18.72M,
10/12/2020,"15,749.80","15,972.80","16,028.60","15,638.30",21.51M,
10/09/2020,"15,889.20","15,722.00","16,000.70","15,610.40",16.61M,
10/08/2020,"15,666.20","15,610.40","15,666.20","15,443.20",32.01M,
10/07/2020,"15,498.90","15,666.20","15,777.70","15,498.90",25.89M,
10/06/2020,"15,749.80","15,303.80","15,749.80","15,164.40",41.44M,
10/05/2020,"15,248.10","14,969.30","15,275.90","14,969.30",22.45M,
10/02/2020,"14,885.70","15,080.80","15,192.30","14,495.40",35.47M,
10/01/2020,"15,052.90","14,829.90","15,164.40","14,774.20",30.12M,
09/30/2020,"14,718.40","14,690.50","14,802.10","14,551.20",22.79M,
09/29/2020,"14,690.50","14,746.30","14,941.40","14,690.50",32.39M,
09/28/2020,"14,718.40","14,383.90","14,718.40","14,328.20",30.84M,
09/25/2020,"14,356.00","14,383.90","14,383.90","14,216.70",17.72M,
09/24/2020,"14,300.30","14,328.20","14,439.70","14,216.70",21.82M,
09/23/2020,"14,383.90","14,300.30","14,439.70","14,244.50",22.09M,
09/22/2020,"14,244.50","14,216.70","14,328.20","14,160.90",26.83M,
09/21/2020,"14,328.20","14,439.70","14,467.50","14,272.40",20.41M,
09/18/2020,"14,328.20","14,244.50","14,328.20","14,216.70",21.89M,
09/17/2020,"14,160.90","13,798.50","14,216.70","13,770.60",46.96M,
09/16/2020,"13,770.60","13,798.50","13,826.40","13,714.90",12.09M,
09/15/2020,"13,770.60","13,798.50","13,910.00","13,742.80",15.55M,
09/14/2020,"13,714.90","13,659.10","13,798.50","13,659.10",22.33M,
09/11/2020,"13,631.30","13,687.00","13,742.80","13,631.30",20.49M,
09/10/2020,"13,687.00","13,770.60","13,854.30","13,659.10",21.25M,
09/09/2020,"13,659.10","13,603.40","13,910.00","13,575.50",34.45M,
09/08/2020,"13,742.80","13,714.90","13,770.60","13,631.30",21.52M,
09/07/2020,"13,659.10","13,937.90","13,993.70","13,659.10",25.16M,
09/04/2020,"13,910.00","13,742.80","13,993.70","13,742.80",33.03M,
09/03/2020,"13,937.90","13,937.90","14,049.40","13,882.10",25.54M,
09/01/2020,"13,826.40","13,687.00","13,910.00","13,631.30",29.40M,
08/31/2020,"13,687.00","13,491.90","13,826.40","13,491.90",23.40M,
08/28/2020,"13,547.60","13,659.10","13,659.10","13,519.80",20.36M,
08/27/2020,"13,547.60","13,491.90","13,575.50","13,436.10",15.45M,
08/26/2020,"13,491.90","13,659.10","13,687.00","13,491.90",28.65M,
08/25/2020,"13,687.00","13,882.10","13,965.80","13,687.00",18.82M,
08/24/2020,"13,826.40","13,659.10","13,910.00","13,603.40",24.45M,
08/21/2020,"13,575.50","13,436.10","13,603.40","13,408.30",15.67M,
08/20/2020,"13,436.10","13,519.80","13,575.50","13,380.40",17.00M,
08/19/2020,"13,519.80","13,491.90","13,603.40","13,436.10",16.26M,
08/18/2020,"13,464.00","13,603.40","13,603.40","13,436.10",9.00M,
08/17/2020,"13,547.60","13,408.30","13,547.60","13,352.50",14.79M,
08/14/2020,"13,436.10","13,659.10","13,714.90","13,324.60",26.95M,
08/13/2020,"13,659.10","13,659.10","13,714.90","13,547.60",13.27M,
08/12/2020,"13,547.60","13,547.60","13,659.10","13,436.10",15.49M,
08/11/2020,"13,519.80","13,603.40","13,687.00","13,436.10",16.98M,
08/10/2020,"13,547.60","13,631.30","13,798.50","13,547.60",24.82M,
08/07/2020,"13,491.90","13,380.40","13,547.60","13,352.50",21.35M,
08/06/2020,"13,408.30","13,436.10","13,603.40","13,268.90",24.12M,
08/05/2020,"13,436.10","12,822.90","13,575.50","12,767.10",45.48M,
08/04/2020,"12,822.90","12,934.40","12,990.10","12,711.40",19.46M,
08/03/2020,"12,767.10","12,098.10","12,822.90","12,098.10",29.65M,
07/31/2020,"12,098.10","11,958.70","12,293.20","11,958.70",13.44M,
07/30/2020,"12,321.10","12,209.60","12,432.60","12,181.70",19.93M,
07/29/2020,"12,126.00","12,432.60","12,711.40","11,791.50",32.55M,
07/28/2020,"12,513.10","12,124.20","12,581.80","11,987.00",29.74M,
07/27/2020,"11,872.60","11,918.40","12,421.60","11,804.00",38.73M,
07/24/2020,"12,284.40","12,810.50","12,833.40","12,032.70",44.83M,
07/23/2020,"12,902.00","12,856.30","12,902.00","12,673.30",21.43M,
07/22/2020,"12,856.30","12,947.80","12,993.50","12,787.60",15.71M,
07/21/2020,"12,856.30","12,856.30","12,924.90","12,719.00",24.69M,
07/20/2020,"12,810.50","13,039.30","13,130.80","12,810.50",24.44M,
07/17/2020,"13,062.20","13,130.80","13,153.70","13,062.20",14.24M,
07/16/2020,"13,085.00","12,902.00","13,222.30","12,787.60",37.73M,
07/15/2020,"12,833.40","12,902.00","12,993.50","12,833.40",13.82M,
07/14/2020,"12,764.80","12,558.90","12,787.60","12,536.00",12.12M,
07/13/2020,"12,650.40","12,604.60","12,741.90","12,467.40",30.96M,
07/10/2020,"12,696.10","12,810.50","12,924.90","12,627.50",30.45M,
07/09/2020,"12,879.10","12,856.30","12,947.80","12,787.60",15.98M,
07/08/2020,"12,833.40","12,879.10","13,016.40","12,764.80",19.28M,
07/07/2020,"12,970.60","12,696.10","13,222.30","12,673.30",59.07M,
07/06/2020,"12,627.50","12,673.30","12,696.10","12,558.90",20.56M,
07/03/2020,"12,581.80","12,673.30","12,696.10","12,536.00",17.08M,
07/02/2020,"12,627.50","12,581.80","12,696.10","12,536.00",27.38M,
07/01/2020,"12,536.00","12,353.00","12,581.80","12,307.20",22.84M,
06/30/2020,"12,261.50","12,261.50","12,536.00","12,147.10",31.22M,
06/29/2020,"12,192.90","12,307.20","12,353.00","12,009.90",26.07M,
06/26/2020,"12,444.50","12,536.00","12,627.50","12,353.00",19.72M,
06/25/2020,"12,490.30","12,215.70","12,719.00","12,147.10",51.41M,
06/24/2020,"12,353.00","12,353.00","12,513.10","12,261.50",13.72M,
06/23/2020,"12,353.00","12,490.30","12,673.30","12,238.60",23.97M,
06/22/2020,"12,490.30","12,536.00","12,719.00","12,330.10",20.49M,
06/19/2020,"12,513.10","12,353.00","12,513.10","12,353.00",22.18M,
06/18/2020,"12,261.50","11,872.60","12,284.40","11,826.90",19.07M,
06/17/2020,"12,009.90","11,987.00","12,101.40","11,849.70",14.88M,
06/16/2020,"11,987.00","11,895.50","12,078.50","11,735.30",19.01M,
06/15/2020,"11,621.00","12,032.70","12,124.20","11,598.10",23.87M,
06/12/2020,"12,124.20","11,209.20","12,124.20","11,209.20",39.76M,
06/11/2020,"11,666.70","12,284.40","12,421.60","11,666.70",48.17M,
06/10/2020,"12,353.00","12,353.00","12,536.00","12,192.90",20.79M,
06/09/2020,"12,398.70","12,787.60","12,810.50","12,330.10",39.37M,
06/08/2020,"12,673.30","12,581.80","12,856.30","12,490.30",36.11M,
06/05/2020,"12,375.90","12,124.20","12,490.30","11,987.00",28.50M,
06/04/2020,"12,170.00","12,353.00","12,536.00","12,170.00",28.41M,
06/03/2020,"12,330.10","12,375.90","12,444.50","12,170.00",25.31M,
06/02/2020,"12,375.90","12,719.00","12,719.00","12,330.10",24.20M,
06/01/2020,"12,650.40","12,719.00","12,719.00","12,558.90",16.90M,
05/29/2020,"12,536.00","12,490.30","12,673.30","12,353.00",26.49M,
05/28/2020,"12,444.50","12,581.80","12,627.50","12,307.20",30.51M,
05/27/2020,"12,444.50","13,085.00","13,085.00","12,444.50",41.65M,
05/26/2020,"12,993.50","12,513.10","12,993.50","12,490.30",24.23M,
05/25/2020,"12,490.30","12,581.80","12,719.00","12,421.60",23.52M,
05/22/2020,"12,467.40","12,055.60","12,558.90","12,009.90",34.23M,
05/21/2020,"12,124.20","12,055.60","12,147.10","11,941.20",23.62M,
05/20/2020,"12,101.40","11,895.50","12,170.00","11,735.30",24.40M,
05/19/2020,"11,964.10","12,078.50","12,284.40","11,918.40",39.68M,
05/18/2020,"11,483.70","11,186.30","11,483.70","10,980.40",28.41M,
05/15/2020,"10,751.70","10,957.60","11,003.30","10,705.90",16.70M,
05/14/2020,"10,957.60","10,888.90","11,026.20","10,843.20",13.73M,
05/13/2020,"11,026.20","10,728.80","11,071.90","10,660.20",20.23M,
05/12/2020,"10,820.30","10,820.30","10,934.70","10,705.90",22.17M,
05/11/2020,"10,957.60","10,843.20","11,026.20","10,660.20",15.21M,
05/08/2020,"10,705.90","10,888.90","11,049.10","10,705.90",26.29M,
05/07/2020,"10,797.40","10,202.70","10,797.40","10,202.70",31.03M,
05/06/2020,"10,156.90","9,859.50","10,156.90","9,836.60",16.05M,
05/05/2020,"9,790.90","9,790.90","9,905.30","9,745.10",12.41M,
05/04/2020,"9,607.90","9,836.60","9,859.50","9,607.90",10.18M,
04/29/2020,"9,836.60","9,790.90","9,928.10","9,607.90",15.68M,
04/28/2020,"9,790.90","10,065.40","10,111.20","9,722.30",16.19M,
04/27/2020,"10,042.50","10,179.80","10,339.90","9,996.80",13.98M,
04/24/2020,"10,111.20","9,928.10","10,156.90","9,745.10",17.48M,
04/23/2020,"9,882.40","9,745.10","10,042.50","9,745.10",17.58M,
04/22/2020,"9,516.40","9,379.10","9,745.10","9,287.60",23.25M,
04/21/2020,"9,241.90","9,493.50","9,722.30","9,219.00",25.13M,
04/20/2020,"9,699.40","9,607.90","9,836.60","9,402.00",19.84M,
04/17/2020,"9,470.60","9,264.70","9,516.40","9,241.90",18.57M,
04/16/2020,"9,264.70","9,127.50","9,333.40","9,036.00",14.04M,
04/15/2020,"9,196.10","9,150.40","9,287.60","9,127.50",12.55M,
04/14/2020,"9,127.50","8,830.10","9,127.50","8,784.40",18.42M,
04/13/2020,"8,853.00","8,601.30","8,921.60","8,555.60",19.04M,
04/10/2020,"8,601.30","8,464.10","8,692.80","8,372.60",11.71M,
04/09/2020,"8,487.00","8,601.30","8,692.80","8,487.00",15.03M,
04/08/2020,"8,555.60","8,418.30","8,601.30","8,372.60",10.75M,
04/07/2020,"8,692.80","8,715.70","8,738.60","8,349.70",16.12M,
04/06/2020,"8,624.20","8,304.00","8,624.20","8,189.60",21.50M,
04/03/2020,"8,075.20","7,892.20","8,098.10","7,869.30",13.70M,
04/01/2020,"7,892.20","7,640.60","8,006.60","7,617.70",10.23M,
03/31/2020,"7,709.20","7,480.40","7,937.90","6,977.20",23.51M,
03/30/2020,"7,480.40","7,000.00","7,640.60","6,977.20",22.89M,
